{"cpu_time": 0, "total_cpu_time": null, "wallclock_time": 0.01677250862121582, "evaluations": 0, "cost": 2147483648, "incumbent": ["cell_dimension='18'", "gaussian_noise_stdev='0.00045'", "l2_regularization='0.00045'", "max_epoch_size='30'", "max_num_epochs='14'", "minibatch_size='10'", "num_hidden_layers='2'", "random_normal_initializer_stdev='0.00045'"], "origin": "Sobol"}
{"cpu_time": 350.83460545539856, "total_cpu_time": null, "wallclock_time": 351.0564606189728, "evaluations": 1, "cost": 0.5473686456680298, "incumbent": ["cell_dimension='18'", "gaussian_noise_stdev='0.00045'", "l2_regularization='0.00045'", "max_epoch_size='30'", "max_num_epochs='14'", "minibatch_size='10'", "num_hidden_layers='2'", "random_normal_initializer_stdev='0.00045'"], "origin": "Sobol"}
{"cpu_time": 5343.16459941864, "total_cpu_time": null, "wallclock_time": 5368.2756197452545, "evaluations": 17, "cost": 0.5429023504257202, "incumbent": ["cell_dimension='20'", "gaussian_noise_stdev='0.00013249743476342275'", "l2_regularization='0.00014144632546237695'", "max_epoch_size='34'", "max_num_epochs='6'", "minibatch_size='9'", "num_hidden_layers='3'", "random_normal_initializer_stdev='0.0004316189717310281'"], "origin": "Random Search"}
{"cpu_time": 6359.479774475098, "total_cpu_time": null, "wallclock_time": 6398.827211856842, "evaluations": 20, "cost": 0.5407603979110718, "incumbent": ["cell_dimension='15'", "gaussian_noise_stdev='0.00012699027201801933'", "l2_regularization='0.00011442718485323245'", "max_epoch_size='35'", "max_num_epochs='4'", "minibatch_size='6'", "num_hidden_layers='2'", "random_normal_initializer_stdev='0.0004603966529513562'"], "origin": "Local Search"}
{"cpu_time": 7791.534811735153, "total_cpu_time": null, "wallclock_time": 7849.656439781189, "evaluations": 24, "cost": 0.540630578994751, "incumbent": ["cell_dimension='17'", "gaussian_noise_stdev='0.0001054482670933167'", "l2_regularization='0.00012329805830998362'", "max_epoch_size='35'", "max_num_epochs='4'", "minibatch_size='11'", "num_hidden_layers='2'", "random_normal_initializer_stdev='0.0006063197387588028'"], "origin": "Local Search"}
{"cpu_time": 8809.874990701675, "total_cpu_time": null, "wallclock_time": 8897.124991178513, "evaluations": 30, "cost": 0.5402672290802002, "incumbent": ["cell_dimension='18'", "gaussian_noise_stdev='0.000105169270918511'", "l2_regularization='0.00013167242778735648'", "max_epoch_size='35'", "max_num_epochs='4'", "minibatch_size='9'", "num_hidden_layers='2'", "random_normal_initializer_stdev='0.0004242133245499444'"], "origin": "Local Search"}
{"cpu_time": 10238.53725028038, "total_cpu_time": null, "wallclock_time": 10342.689939022064, "evaluations": 33, "cost": 0.534934937953949, "incumbent": ["cell_dimension='22'", "gaussian_noise_stdev='0.0001039774250535892'", "l2_regularization='0.0001306184763331396'", "max_epoch_size='35'", "max_num_epochs='5'", "minibatch_size='9'", "num_hidden_layers='2'", "random_normal_initializer_stdev='0.00042185012751121327'"], "origin": "Local Search"}
{"cpu_time": 11551.664390325546, "total_cpu_time": null, "wallclock_time": 11686.685353755951, "evaluations": 39, "cost": 0.534686803817749, "incumbent": ["cell_dimension='21'", "gaussian_noise_stdev='0.00010347207198523086'", "l2_regularization='0.000106383996421647'", "max_epoch_size='35'", "max_num_epochs='5'", "minibatch_size='6'", "num_hidden_layers='3'", "random_normal_initializer_stdev='0.00041767069954132296'"], "origin": "Local Search"}
