10_6_60_linear_homogeneous,10_7_60_linear_homogeneous,10_8_60_linear_homogeneous,10_9_60_linear_homogeneous,10_10_60_linear_homogeneous
7.10169598515426,3.42122003456815,4.88144615869821,7.37958318656013,6.90649745484995
6.96650892779266,3.83792642707665,5.17702280212578,6.201363463776618,7.24319779593892
6.13615807307925,4.07226614873061,5.17774942842524,7.41604872643332,6.465415325899297
6.30462994230941,4.40806338325968,4.95899426128497,6.442565688790458,6.349430075869918
5.74501140316633,4.74772043758314,4.75172093902827,8.149907225866949,6.181744937905478
5.83453157703275,4.57593774652935,4.00734112327847,6.250729079606147,7.43821018108013
5.66693934086444,4.51941678038527,4.71669560062023,7.929175365265458,6.95387285578266
