10_6_60_nonlinear_homogeneous,10_7_60_nonlinear_homogeneous,10_8_60_nonlinear_homogeneous,10_9_60_nonlinear_homogeneous,10_10_60_nonlinear_homogeneous
3.8727833308,11.762847725428587,7.0167815998,5.0013827048,5.172946911
4.3909973582,7.459105053428287,6.6118683073,5.7606331891,3.4256813476
5.3096873122,9.3461155774,6.5452338208,4.4939223671,3.6916638804
5.6905285248,8.2679984251,6.4137012005,4.0123052698,4.3346782893
7.0051848774,9.0778830528,5.7875040791,3.3876346232,3.4094135448
6.3741537332,11.148966241128587,6.1808969294,3.2132452495,4.7235095092
4.6917168374,7.917421122928287,6.7183134197,3.2167089018,6.300645964
