10_6_60_linear_heterogeneous,10_7_60_linear_heterogeneous,10_8_60_linear_heterogeneous,10_9_60_linear_heterogeneous,10_10_60_linear_heterogeneous
8.20419152188971,1.90563513838624,13.35460482321481,9.11013385188431,6.54194376572855
7.6347013114427,2.4793405120457,12.782393536031309,9.00202333048591,6.7350526665078
7.40936885714808,2.41884088459858,10.55196449856611,10.9412006737797,6.95560111534149
7.50799005849836,2.6760171948217,10.54265774399551,11.0486121470478,6.73753656509886
6.54673981571666,2.85068477718496,10.23148461567301,9.98759496674411,6.49637086823351
5.85711914185548,3.14919923949091,10.361505952511509,9.34548115978627,6.28389388889593
5.33119046539085,3.87992058636744,10.44957374706101,8.40090957888015,5.75138855075621
