10_6_222_nonlinear_homogeneous,10_7_222_nonlinear_homogeneous,10_8_222_nonlinear_homogeneous,10_9_222_nonlinear_homogeneous,10_10_222_nonlinear_homogeneous
4.1468893117,8.6108338196,8.05147148,12.409415370801954,9.2545278495
5.2311105421,7.996855447,7.9471312971,12.021497871801953,8.1996912023
2.8201072463,8.9289979599,8.7781458582,12.025056919301955,10.6817946977
2.9891557185,7.7127605031,8.2211796919,11.965069731401954,9.4475937841
4.1516370397,8.1398737649,6.4293671132,10.6227931055,9.9727806326
4.4103204849,8.175004476,7.059427367,8.319782789285854,10.668447479
4.2454470557,8.509252056,5.7046430849,8.286333989285854,8.024382378685853
