10_6_222_linear_homogeneous,10_7_222_linear_homogeneous,10_8_222_linear_homogeneous,10_9_222_linear_homogeneous,10_10_222_linear_homogeneous
4.1388176905058,1.5611815592875,8.72493918473351,10.985545482216889,7.30794089986765
4.17886938416398,1.93245939358728,9.76067696202038,10.89216317728349,7.58622546760098
4.47057074823714,1.928523038854,9.83096564766337,11.48620157703549,7.72784268050492
4.82770839398258,2.10619260590596,9.83295263308157,11.02923435057459,7.6885516928787
4.79224287375369,2.66145983408007,9.92425303089456,10.559311823612688,8.3324854586155
4.76031672705972,2.29676104656017,8.81891095533488,9.96426132935898,8.99120814438982
4.39769592540948,1.3833797752958,8.7948035941101,9.47715835295883,9.5451542833087
