{"ta_runs": 50, "n_configs": 50, "wallclock_time_used": 13303.252237319946, "ta_time_used": 13129.99016904831, "inc_changed": 5, "_n_configs_per_intensify": 49, "_n_calls_of_intensify": 39, "_ema_n_configs_per_intensifiy": 1.0020769187434142, "_EMA_ALPHA": 0.2}