{"ta_runs": 50, "n_configs": 50, "wallclock_time_used": 3654.3270473480225, "ta_time_used": 3458.3312237262726, "inc_changed": 8, "_n_configs_per_intensify": 49, "_n_calls_of_intensify": 39, "_ema_n_configs_per_intensifiy": 1.0020769187434142, "_EMA_ALPHA": 0.2}