{"cpu_time": 0, "total_cpu_time": null, "wallclock_time": 0.00817561149597168, "evaluations": 0, "cost": 2147483648, "incumbent": ["cell_dimension='18'", "gaussian_noise_stdev='0.00045'", "l2_regularization='0.00045'", "max_epoch_size='30'", "max_num_epochs='14'", "minibatch_size='10'", "num_hidden_layers='2'", "random_normal_initializer_stdev='0.00045'"], "origin": "Sobol"}
{"cpu_time": 236.01998734474182, "total_cpu_time": null, "wallclock_time": 236.27910161018372, "evaluations": 1, "cost": 0.5473686456680298, "incumbent": ["cell_dimension='18'", "gaussian_noise_stdev='0.00045'", "l2_regularization='0.00045'", "max_epoch_size='30'", "max_num_epochs='14'", "minibatch_size='10'", "num_hidden_layers='2'", "random_normal_initializer_stdev='0.00045'"], "origin": "Sobol"}
{"cpu_time": 3438.7920794487, "total_cpu_time": null, "wallclock_time": 3463.493206501007, "evaluations": 17, "cost": 0.5429023504257202, "incumbent": ["cell_dimension='20'", "gaussian_noise_stdev='0.00013249743476342275'", "l2_regularization='0.00014144632546237695'", "max_epoch_size='34'", "max_num_epochs='6'", "minibatch_size='9'", "num_hidden_layers='3'", "random_normal_initializer_stdev='0.0004316189717310281'"], "origin": "Random Search"}
{"cpu_time": 3891.244797706604, "total_cpu_time": null, "wallclock_time": 3928.339702606201, "evaluations": 20, "cost": 0.5407603979110718, "incumbent": ["cell_dimension='15'", "gaussian_noise_stdev='0.00012699027201801933'", "l2_regularization='0.00011442718485323245'", "max_epoch_size='35'", "max_num_epochs='4'", "minibatch_size='6'", "num_hidden_layers='2'", "random_normal_initializer_stdev='0.0004603966529513562'"], "origin": "Local Search"}
{"cpu_time": 4586.24244427681, "total_cpu_time": null, "wallclock_time": 4639.9886112213135, "evaluations": 24, "cost": 0.540630578994751, "incumbent": ["cell_dimension='17'", "gaussian_noise_stdev='0.0001054482670933167'", "l2_regularization='0.00012329805830998362'", "max_epoch_size='35'", "max_num_epochs='4'", "minibatch_size='11'", "num_hidden_layers='2'", "random_normal_initializer_stdev='0.0006063197387588028'"], "origin": "Local Search"}
{"cpu_time": 5225.0848643779755, "total_cpu_time": null, "wallclock_time": 5305.578673362732, "evaluations": 30, "cost": 0.5402672290802002, "incumbent": ["cell_dimension='18'", "gaussian_noise_stdev='0.000105169270918511'", "l2_regularization='0.00013167242778735648'", "max_epoch_size='35'", "max_num_epochs='4'", "minibatch_size='9'", "num_hidden_layers='2'", "random_normal_initializer_stdev='0.0004242133245499444'"], "origin": "Local Search"}
{"cpu_time": 5787.8407554626465, "total_cpu_time": null, "wallclock_time": 5882.48384475708, "evaluations": 33, "cost": 0.534934937953949, "incumbent": ["cell_dimension='22'", "gaussian_noise_stdev='0.0001039774250535892'", "l2_regularization='0.0001306184763331396'", "max_epoch_size='35'", "max_num_epochs='5'", "minibatch_size='9'", "num_hidden_layers='2'", "random_normal_initializer_stdev='0.00042185012751121327'"], "origin": "Local Search"}
{"cpu_time": 6402.368682861328, "total_cpu_time": null, "wallclock_time": 6524.920006036758, "evaluations": 39, "cost": 0.534686803817749, "incumbent": ["cell_dimension='21'", "gaussian_noise_stdev='0.00010347207198523086'", "l2_regularization='0.000106383996421647'", "max_epoch_size='35'", "max_num_epochs='5'", "minibatch_size='6'", "num_hidden_layers='3'", "random_normal_initializer_stdev='0.00041767069954132296'"], "origin": "Local Search"}
